epoch,bpd,learning_rate,loss,val_bpd,val_learning_rate,val_loss
0,17.827003479003906,9.999999974752427e-07,6.811564922332764,NA,NA,NA
1,15.73420238494873,1.9999999949504854e-06,5.360942840576172,NA,NA,NA
2,14.479528427124023,3.000000106112566e-06,4.491272926330566,NA,NA,NA
3,13.940463066101074,3.999999989900971e-06,4.117620468139648,NA,NA,NA
4,13.67555046081543,4.999999873689376e-06,3.9339919090270996,NA,NA,NA
5,13.461148262023926,6.000000212225132e-06,3.78538179397583,NA,NA,NA
6,13.266218185424805,7.000000096013537e-06,3.650268077850342,NA,NA,NA
7,13.077157974243164,7.999999979801942e-06,3.5192158222198486,NA,NA,NA
8,12.889490127563477,9.000000318337698e-06,3.3891334533691406,NA,NA,NA
9,12.705105781555176,9.999999747378752e-06,3.261331558227539,NA,NA,NA
10,12.529118537902832,1.1000000085914508e-05,3.139343738555908,NA,NA,NA
11,12.350682258605957,1.2000000424450263e-05,3.0156607627868652,NA,NA,NA
12,12.179644584655762,1.2999999853491317e-05,2.8971076011657715,NA,NA,NA
13,12.003580093383789,1.4000000192027073e-05,2.775071620941162,NA,NA,NA
14,11.824810981750488,1.4999999621068127e-05,2.651156425476074,NA,NA,NA
15,11.645277976989746,1.5999999959603883e-05,2.526715040206909,NA,NA,NA
16,11.462491035461426,1.700000029813964e-05,2.4000115394592285,NA,NA,NA
17,11.283422470092773,1.8000000636675395e-05,2.2758982181549072,NA,NA,NA
18,11.10244083404541,1.8999999156221747e-05,2.150444507598877,NA,NA,NA
19,10.924620628356934,1.9999999494757503e-05,2.0271902084350586,NA,NA,NA
20,10.748822212219238,2.099999983329326e-05,1.905339002609253,NA,NA,NA
21,10.571697235107422,2.2000000171829015e-05,1.7825639247894287,NA,NA,NA
22,10.394621849060059,2.300000051036477e-05,1.6598271131515503,NA,NA,NA
23,10.234719276428223,2.4000000848900527e-05,1.5489916801452637,NA,NA,NA
24,10.077420234680176,2.499999936844688e-05,1.4399617910385132,NA,NA,NA
25,9.915129661560059,2.5999999706982635e-05,1.3274699449539185,NA,NA,NA
26,9.764694213867188,2.700000004551839e-05,1.2231947183609009,NA,NA,NA
27,9.62163257598877,2.8000000384054147e-05,1.1240321397781372,NA,NA,NA
28,9.480189323425293,2.9000000722589903e-05,1.0259863138198853,NA,NA,NA
29,9.332291603088379,2.9999999242136255e-05,0.9234737157821655,NA,NA,NA
30,9.202608108520508,3.099999958067201e-05,0.8335858583450317,NA,NA,NA
31,9.070919036865234,3.199999991920777e-05,0.7423046827316284,NA,NA,NA
32,8.943655967712402,3.300000025774352e-05,0.6540915966033936,NA,NA,NA
33,8.82707405090332,3.400000059627928e-05,0.5732854604721069,NA,NA,NA
34,8.709153175354004,3.5000000934815034e-05,0.4915466904640198,NA,NA,NA
35,8.581218719482422,3.600000127335079e-05,0.4028688669204712,NA,NA,NA
36,8.470568656921387,3.7000001611886546e-05,0.3261723518371582,NA,NA,NA
37,8.365839004516602,3.7999998312443495e-05,0.2535804212093353,NA,NA,NA
38,8.257354736328125,3.899999865097925e-05,0.17838284373283386,NA,NA,NA
39,8.144417762756348,3.9999998989515007e-05,0.10010374337434769,NA,NA,NA
40,8.052389144897461,4.099999932805076e-05,0.03631206974387169,NA,NA,NA
41,7.96415376663208,4.199999966658652e-05,-0.024847259745001793,NA,NA,NA
42,7.862892150878906,4.3000000005122274e-05,-0.09503625333309174,NA,NA,NA
43,7.776984691619873,4.400000034365803e-05,-0.15458224713802338,NA,NA,NA
44,7.704047203063965,4.5000000682193786e-05,-0.2051408588886261,NA,NA,NA
45,7.625600814819336,4.600000102072954e-05,-0.2595125138759613,NA,NA,NA
46,7.550027370452881,4.70000013592653e-05,-0.3118954598903656,NA,NA,NA
47,7.474059104919434,4.8000001697801054e-05,-0.36455461382865906,NA,NA,NA
48,7.408699989318848,4.8999998398358e-05,-0.4098583161830902,NA,NA,NA
49,7.346081256866455,4.999999873689376e-05,-0.45326167345046997,NA,NA,NA
50,7.280111312866211,5.0999999075429514e-05,-0.49898892641067505,NA,NA,NA
51,7.2145185470581055,5.199999941396527e-05,-0.54445481300354,NA,NA,NA
52,7.15916109085083,5.2999999752501026e-05,-0.5828231573104858,NA,NA,NA
53,7.108868598937988,5.400000009103678e-05,-0.6176854372024536,NA,NA,NA
54,7.064956188201904,5.500000042957254e-05,-0.648123562335968,NA,NA,NA
55,7.022448539733887,5.6000000768108293e-05,-0.6775884628295898,NA,NA,NA
56,6.97540807723999,5.700000110664405e-05,-0.7101926207542419,NA,NA,NA
57,6.937127113342285,5.8000001445179805e-05,-0.7367289066314697,NA,NA,NA
58,6.9052581787109375,5.900000178371556e-05,-0.7588179707527161,NA,NA,NA
59,6.872952938079834,5.999999848427251e-05,-0.7812086939811707,NA,NA,NA
60,6.838639259338379,6.0999998822808266e-05,-0.8049938678741455,NA,NA,NA
61,6.81026029586792,6.199999916134402e-05,-0.8246658444404602,NA,NA,NA
62,6.786396503448486,6.299999949987978e-05,-0.8412039279937744,NA,NA,NA
63,6.760683536529541,6.399999983841553e-05,-0.8590292930603027,NA,NA,NA
64,6.734216213226318,6.500000017695129e-05,-0.8773757219314575,NA,NA,NA
65,6.716244220733643,6.600000051548705e-05,-0.8898321986198425,NA,NA,NA
66,6.69318962097168,6.70000008540228e-05,-0.9058118462562561,NA,NA,NA
67,6.684666633605957,6.800000119255856e-05,-0.9117175340652466,NA,NA,NA
68,6.663505554199219,6.900000153109431e-05,-0.9263854622840881,NA,NA,NA
69,6.653080940246582,7.000000186963007e-05,-0.9336128234863281,NA,NA,NA
70,6.636053562164307,7.100000220816582e-05,-0.9454126954078674,NA,NA,NA
71,6.625975131988525,7.200000254670158e-05,-0.9524036645889282,NA,NA,NA
72,6.613884925842285,7.300000288523734e-05,-0.9607813954353333,NA,NA,NA
73,6.597598552703857,7.400000322377309e-05,-0.97207111120224,NA,NA,NA
74,6.590957164764404,7.500000356230885e-05,-0.9766733050346375,NA,NA,NA
75,6.582716941833496,7.599999662488699e-05,-0.982387125492096,NA,NA,NA
76,6.57162618637085,7.699999696342275e-05,-0.9900721311569214,NA,NA,NA
77,6.558620452880859,7.79999973019585e-05,-0.9990904927253723,NA,NA,NA
78,6.544082164764404,7.899999764049426e-05,-1.0091657638549805,NA,NA,NA
79,6.5416035652160645,7.999999797903001e-05,-1.0108827352523804,NA,NA,NA
80,6.53061056137085,8.099999831756577e-05,-1.0185047388076782,NA,NA,NA
81,6.523094177246094,8.199999865610152e-05,-1.0237125158309937,NA,NA,NA
82,6.513878345489502,8.299999899463728e-05,-1.0301016569137573,NA,NA,NA
83,6.506707668304443,8.399999933317304e-05,-1.0350712537765503,NA,NA,NA
84,6.500218391418457,8.499999967170879e-05,-1.0395665168762207,NA,NA,NA
85,6.48788595199585,8.600000001024455e-05,-1.0481178760528564,NA,NA,NA
86,6.486616611480713,8.70000003487803e-05,-1.0489946603775024,NA,NA,NA
87,6.475726127624512,8.800000068731606e-05,-1.0565458536148071,NA,NA,NA
88,6.4658098220825195,8.900000102585182e-05,-1.063419222831726,NA,NA,NA
89,6.4570794105529785,9.000000136438757e-05,-1.0694711208343506,NA,NA,NA
90,6.452500343322754,9.100000170292333e-05,-1.0726478099822998,NA,NA,NA
91,6.44546365737915,9.200000204145908e-05,-1.0775216817855835,NA,NA,NA
92,6.440287113189697,9.300000237999484e-05,-1.081107497215271,NA,NA,NA
93,6.432509899139404,9.40000027185306e-05,-1.0865012407302856,NA,NA,NA
94,6.428631782531738,9.500000305706635e-05,-1.0891897678375244,NA,NA,NA
95,6.423802852630615,9.600000339560211e-05,-1.0925370454788208,NA,NA,NA
96,6.40901517868042,9.699999645818025e-05,-1.1027886867523193,NA,NA,NA
97,6.4078450202941895,9.7999996796716e-05,-1.10359525680542,NA,NA,NA
98,6.4036455154418945,9.899999713525176e-05,-1.1065080165863037,NA,NA,NA
99,6.391477108001709,9.999999747378752e-05,-1.1149439811706543,NA,NA,NA
100,6.384432315826416,9.999999747378752e-05,-1.119828224182129,NA,NA,NA
101,6.381527423858643,9.999999747378752e-05,-1.1218398809432983,NA,NA,NA
102,6.371457576751709,9.999999747378752e-05,-1.1288185119628906,NA,NA,NA
103,6.370178699493408,9.999999747378752e-05,-1.1297043561935425,NA,NA,NA
104,6.359679698944092,9.999999747378752e-05,-1.1369811296463013,NA,NA,NA
105,6.357237339019775,9.999999747378752e-05,-1.138677716255188,NA,NA,NA
106,6.347769260406494,9.999999747378752e-05,-1.1452397108078003,NA,NA,NA
107,6.347667217254639,9.999999747378752e-05,-1.1453081369400024,NA,NA,NA
108,6.338663101196289,9.999999747378752e-05,-1.151551604270935,NA,NA,NA
109,6.337313175201416,9.999999747378752e-05,-1.1524850130081177,NA,NA,NA
110,6.326633930206299,9.999999747378752e-05,-1.1598913669586182,NA,NA,NA
111,6.324988842010498,9.999999747378752e-05,-1.1610280275344849,NA,NA,NA
112,6.3175225257873535,9.999999747378752e-05,-1.1662065982818604,NA,NA,NA
113,6.309124946594238,9.999999747378752e-05,-1.1720234155654907,NA,NA,NA
114,6.307528018951416,9.999999747378752e-05,-1.1731318235397339,NA,NA,NA
115,6.301482677459717,9.999999747378752e-05,-1.1773194074630737,NA,NA,NA
116,6.2977681159973145,9.999999747378752e-05,-1.1798973083496094,NA,NA,NA
117,6.292888641357422,9.999999747378752e-05,-1.1832771301269531,NA,NA,NA
118,6.287698268890381,9.999999747378752e-05,-1.1868748664855957,NA,NA,NA
119,6.286752700805664,9.999999747378752e-05,-1.1875330209732056,NA,NA,NA
120,6.2833757400512695,9.999999747378752e-05,-1.1898753643035889,NA,NA,NA
121,6.2817535400390625,9.999999747378752e-05,-1.190999150276184,NA,NA,NA
122,6.272693157196045,9.999999747378752e-05,-1.1972790956497192,NA,NA,NA
123,6.271484851837158,9.999999747378752e-05,-1.1981139183044434,NA,NA,NA
124,6.265200614929199,9.999999747378752e-05,-1.2024723291397095,NA,NA,NA
125,6.2603349685668945,9.999999747378752e-05,-1.205841302871704,NA,NA,NA
126,6.2611165046691895,9.999999747378752e-05,-1.2053005695343018,NA,NA,NA
127,6.254280090332031,9.999999747378752e-05,-1.210039734840393,NA,NA,NA
128,6.251709938049316,9.999999747378752e-05,-1.2118220329284668,NA,NA,NA
129,6.248758792877197,9.999999747378752e-05,-1.213869333267212,NA,NA,NA
130,6.242731094360352,9.999999747378752e-05,-1.2180469036102295,NA,NA,NA
131,6.240322113037109,9.999999747378752e-05,-1.2197182178497314,NA,NA,NA
132,6.237247467041016,9.999999747378752e-05,-1.221846103668213,NA,NA,NA
133,6.236733436584473,9.999999747378752e-05,-1.222204566001892,NA,NA,NA
134,6.232420921325684,9.999999747378752e-05,-1.2251912355422974,NA,NA,NA
135,6.2281413078308105,9.999999747378752e-05,-1.2281574010849,NA,NA,NA
136,6.226885795593262,9.999999747378752e-05,-1.2290323972702026,NA,NA,NA
137,6.220406532287598,9.999999747378752e-05,-1.2335200309753418,NA,NA,NA
138,6.219573020935059,9.999999747378752e-05,-1.2340978384017944,NA,NA,NA
139,6.217259883880615,9.999999747378752e-05,-1.2357017993927002,NA,NA,NA
140,6.211942672729492,9.999999747378752e-05,-1.2393863201141357,NA,NA,NA
141,6.210368633270264,9.999999747378752e-05,-1.2404794692993164,NA,NA,NA
142,6.210184574127197,9.999999747378752e-05,-1.2406045198440552,NA,NA,NA
143,6.200894355773926,9.999999747378752e-05,-1.2470451593399048,NA,NA,NA
144,6.199357509613037,9.999999747378752e-05,-1.2481107711791992,NA,NA,NA
145,6.198329925537109,9.999999747378752e-05,-1.24882173538208,NA,NA,NA
146,6.196403980255127,9.999999747378752e-05,-1.2501583099365234,NA,NA,NA
147,6.192394733428955,9.999999747378752e-05,-1.2529340982437134,NA,NA,NA
148,6.187417507171631,9.999999747378752e-05,-1.2563872337341309,NA,NA,NA
149,6.185801982879639,9.999999747378752e-05,-1.257507085800171,NA,NA,NA
150,6.184628963470459,9.999999747378752e-05,-1.2583198547363281,NA,NA,NA
151,6.180523872375488,9.999999747378752e-05,-1.2611653804779053,NA,NA,NA
152,6.177672863006592,9.999999747378752e-05,-1.2631412744522095,NA,NA,NA
153,6.176426410675049,9.999999747378752e-05,-1.2640047073364258,NA,NA,NA
154,6.175821304321289,9.999999747378752e-05,-1.2644248008728027,NA,NA,NA
155,6.171803951263428,9.999999747378752e-05,-1.267207384109497,NA,NA,NA
156,6.167812824249268,9.999999747378752e-05,-1.269974708557129,NA,NA,NA
157,6.166525840759277,9.999999747378752e-05,-1.2708649635314941,NA,NA,NA
158,6.1633710861206055,9.999999747378752e-05,-1.2730532884597778,NA,NA,NA
159,6.162806034088135,9.999999747378752e-05,-1.2734452486038208,NA,NA,NA
160,6.160022258758545,9.999999747378752e-05,-1.2753748893737793,NA,NA,NA
161,6.157130718231201,9.999999747378752e-05,-1.277381181716919,NA,NA,NA
162,6.155128002166748,9.999999747378752e-05,-1.2787691354751587,NA,NA,NA
163,6.151538372039795,9.999999747378752e-05,-1.2812553644180298,NA,NA,NA
164,6.15078067779541,9.999999747378752e-05,-1.2817786931991577,NA,NA,NA
165,6.148989200592041,9.999999747378752e-05,-1.283023476600647,NA,NA,NA
166,6.145445823669434,9.999999747378752e-05,-1.2854807376861572,NA,NA,NA
167,6.145092010498047,9.999999747378752e-05,-1.28572416305542,NA,NA,NA
168,6.1422529220581055,9.999999747378752e-05,-1.2876914739608765,NA,NA,NA
169,6.140897274017334,9.999999747378752e-05,-1.2886326313018799,NA,NA,NA
170,6.1372246742248535,9.999999747378752e-05,-1.291176199913025,NA,NA,NA
171,6.135571002960205,9.999999747378752e-05,-1.2923228740692139,NA,NA,NA
172,6.135126113891602,9.999999747378752e-05,-1.2926316261291504,NA,NA,NA
173,6.135272026062012,9.999999747378752e-05,-1.292531967163086,NA,NA,NA
174,6.129968643188477,9.999999747378752e-05,-1.2962058782577515,NA,NA,NA
175,6.131063461303711,9.999999747378752e-05,-1.2954466342926025,NA,NA,NA
176,6.12728214263916,9.999999747378752e-05,-1.298066258430481,NA,NA,NA
177,6.12138557434082,9.999999747378752e-05,-1.3021568059921265,NA,NA,NA
178,6.122477054595947,9.999999747378752e-05,-1.3014001846313477,NA,NA,NA
179,6.121285438537598,9.999999747378752e-05,-1.3022271394729614,NA,NA,NA
180,6.119443893432617,9.999999747378752e-05,-1.3035032749176025,NA,NA,NA
181,6.116797924041748,9.999999747378752e-05,-1.3053349256515503,NA,NA,NA
182,6.1149396896362305,9.999999747378752e-05,-1.3066247701644897,NA,NA,NA
183,6.114078044891357,9.999999747378752e-05,-1.307220697402954,NA,NA,NA
184,6.112546920776367,9.999999747378752e-05,-1.308281421661377,NA,NA,NA
185,6.111543655395508,9.999999747378752e-05,-1.3089792728424072,NA,NA,NA
186,6.109453201293945,9.999999747378752e-05,-1.3104265928268433,NA,NA,NA
187,6.1053595542907715,9.999999747378752e-05,-1.3132635354995728,NA,NA,NA
188,6.105965614318848,9.999999747378752e-05,-1.312844157218933,NA,NA,NA
189,6.1022515296936035,9.999999747378752e-05,-1.3154175281524658,NA,NA,NA
190,6.104742050170898,9.999999747378752e-05,-1.3136940002441406,NA,NA,NA
191,6.099451541900635,9.999999747378752e-05,-1.317359447479248,NA,NA,NA
192,6.097493648529053,9.999999747378752e-05,-1.3187164068222046,NA,NA,NA
193,6.098311901092529,9.999999747378752e-05,-1.3181504011154175,NA,NA,NA
194,6.094898223876953,9.999999747378752e-05,-1.3205186128616333,NA,NA,NA
195,6.094733238220215,9.999999747378752e-05,-1.3206298351287842,NA,NA,NA
196,6.093705654144287,9.999999747378752e-05,-1.3213434219360352,NA,NA,NA
197,6.092584609985352,9.999999747378752e-05,-1.3221206665039062,NA,NA,NA
198,6.0905938148498535,9.999999747378752e-05,-1.3234995603561401,NA,NA,NA
199,6.089686870574951,9.999999747378752e-05,-1.3241302967071533,NA,NA,NA
200,6.085239410400391,9.999999747378752e-05,-1.327210545539856,NA,NA,NA
201,6.086090087890625,9.999999747378752e-05,-1.3266193866729736,NA,NA,NA
202,6.085546970367432,9.999999747378752e-05,-1.3269977569580078,NA,NA,NA
203,6.081490516662598,9.999999747378752e-05,-1.3298097848892212,NA,NA,NA
204,6.0792131423950195,9.999999747378752e-05,-1.3313908576965332,NA,NA,NA
205,6.079195022583008,9.999999747378752e-05,-1.3313993215560913,NA,NA,NA
206,6.076642990112305,9.999999747378752e-05,-1.3331676721572876,NA,NA,NA
207,6.075535774230957,9.999999747378752e-05,-1.3339381217956543,NA,NA,NA
208,6.075074195861816,9.999999747378752e-05,-1.3342546224594116,NA,NA,NA
209,6.074006080627441,9.999999747378752e-05,-1.3349977731704712,NA,NA,NA
210,6.071876049041748,9.999999747378752e-05,-1.336473822593689,NA,NA,NA
211,6.069839954376221,9.999999747378752e-05,-1.3378857374191284,NA,NA,NA
212,6.068663120269775,9.999999747378752e-05,-1.338700532913208,NA,NA,NA
213,6.067940711975098,9.999999747378752e-05,-1.3391999006271362,NA,NA,NA
214,6.06667423248291,9.999999747378752e-05,-1.3400787115097046,NA,NA,NA
215,6.066161155700684,9.999999747378752e-05,-1.3404337167739868,NA,NA,NA
216,6.062677383422852,9.999999747378752e-05,-1.3428499698638916,NA,NA,NA
217,6.062027931213379,9.999999747378752e-05,-1.3432995080947876,NA,NA,NA
218,6.059924602508545,9.999999747378752e-05,-1.3447562456130981,NA,NA,NA
219,6.059484958648682,9.999999747378752e-05,-1.3450629711151123,NA,NA,NA
220,6.061324119567871,9.999999747378752e-05,-1.3437877893447876,NA,NA,NA
221,6.056593894958496,9.999999747378752e-05,-1.3470661640167236,NA,NA,NA
222,6.056879997253418,9.999999747378752e-05,-1.3468687534332275,NA,NA,NA
223,6.055750846862793,9.999999747378752e-05,-1.3476539850234985,NA,NA,NA
224,6.053929328918457,9.999999747378752e-05,-1.3489127159118652,NA,NA,NA
225,6.051341533660889,9.999999747378752e-05,-1.3507061004638672,NA,NA,NA
226,6.0508809089660645,9.999999747378752e-05,-1.351024866104126,NA,NA,NA
227,6.050624370574951,9.999999747378752e-05,-1.3512024879455566,NA,NA,NA
228,6.046748638153076,9.999999747378752e-05,-1.3538916110992432,NA,NA,NA
229,6.048768043518066,9.999999747378752e-05,-1.3524887561798096,NA,NA,NA
230,6.0474534034729,9.999999747378752e-05,-1.3534015417099,NA,NA,NA
231,6.045180320739746,9.999999747378752e-05,-1.3549764156341553,NA,NA,NA
232,6.043700218200684,9.999999747378752e-05,-1.3560001850128174,NA,NA,NA
233,6.044979572296143,9.999999747378752e-05,-1.3551169633865356,NA,NA,NA
234,6.042425155639648,9.999999747378752e-05,-1.3568851947784424,NA,NA,NA
235,6.042100429534912,9.999999747378752e-05,-1.3571134805679321,NA,NA,NA
236,6.03810453414917,9.999999747378752e-05,-1.3598812818527222,NA,NA,NA
237,6.038178443908691,9.999999747378752e-05,-1.3598319292068481,NA,NA,NA
238,6.0368452072143555,9.999999747378752e-05,-1.3607535362243652,NA,NA,NA
239,6.0375237464904785,9.999999747378752e-05,-1.3602852821350098,NA,NA,NA
240,6.03557014465332,9.999999747378752e-05,-1.3616422414779663,NA,NA,NA
241,6.034743309020996,9.999999747378752e-05,-1.362212061882019,NA,NA,NA
242,6.034011363983154,9.999999747378752e-05,-1.362719178199768,NA,NA,NA
243,6.033604145050049,9.999999747378752e-05,-1.363003134727478,NA,NA,NA
244,6.032974720001221,9.999999747378752e-05,-1.3634368181228638,NA,NA,NA
245,6.029900074005127,9.999999747378752e-05,-1.3655685186386108,NA,NA,NA
246,6.030560493469238,9.999999747378752e-05,-1.365111231803894,NA,NA,NA
247,6.0301923751831055,9.999999747378752e-05,-1.3653655052185059,NA,NA,NA
248,6.028624534606934,9.999999747378752e-05,-1.3664536476135254,NA,NA,NA
249,6.0259318351745605,9.999999747378752e-05,-1.3683189153671265,NA,NA,NA
250,6.026296615600586,9.999999747378752e-05,-1.3680660724639893,NA,NA,NA
251,6.0239787101745605,9.999999747378752e-05,-1.3696739673614502,NA,NA,NA
252,6.02382755279541,9.999999747378752e-05,-1.3697779178619385,NA,NA,NA
253,6.0208516120910645,9.999999747378752e-05,-1.3718414306640625,NA,NA,NA
254,6.022230625152588,9.999999747378752e-05,-1.3708868026733398,NA,NA,NA
255,6.020666122436523,9.999999747378752e-05,-1.371971845626831,NA,NA,NA
256,6.019047260284424,9.999999747378752e-05,-1.3730905055999756,NA,NA,NA
257,6.017678737640381,9.999999747378752e-05,-1.374040126800537,NA,NA,NA
258,6.018151760101318,9.999999747378752e-05,-1.3737130165100098,NA,NA,NA
259,6.015949249267578,9.999999747378752e-05,-1.3752416372299194,NA,NA,NA
260,6.016263008117676,9.999999747378752e-05,-1.3750215768814087,NA,NA,NA
261,6.014979362487793,9.999999747378752e-05,-1.3759112358093262,NA,NA,NA
262,6.014863014221191,9.999999747378752e-05,-1.3759950399398804,NA,NA,NA
263,6.015356063842773,9.999999747378752e-05,-1.3756502866744995,NA,NA,NA
264,6.012335300445557,9.999999747378752e-05,-1.377743124961853,NA,NA,NA
265,6.011536121368408,9.999999747378752e-05,-1.3782986402511597,NA,NA,NA
266,6.011035442352295,9.999999747378752e-05,-1.37864351272583,NA,NA,NA
267,6.010131359100342,9.999999747378752e-05,-1.3792719841003418,NA,NA,NA
268,6.008305549621582,9.999999747378752e-05,-1.3805367946624756,NA,NA,NA
269,6.009920597076416,9.999999747378752e-05,-1.3794187307357788,NA,NA,NA
270,6.006803512573242,9.999999747378752e-05,-1.3815796375274658,NA,NA,NA
271,6.005978107452393,9.999999747378752e-05,-1.382151484489441,NA,NA,NA
272,6.004850387573242,9.999999747378752e-05,-1.382930040359497,NA,NA,NA
273,6.005361080169678,9.999999747378752e-05,-1.382576823234558,NA,NA,NA
274,6.003871917724609,9.999999747378752e-05,-1.3836085796356201,NA,NA,NA
275,6.0037055015563965,9.999999747378752e-05,-1.383725881576538,NA,NA,NA
276,6.001802921295166,9.999999747378752e-05,-1.3850460052490234,NA,NA,NA
277,6.00105094909668,9.999999747378752e-05,-1.3855657577514648,NA,NA,NA
278,6.001089572906494,9.999999747378752e-05,-1.3855408430099487,NA,NA,NA
279,6.000400066375732,9.999999747378752e-05,-1.3860162496566772,NA,NA,NA
280,5.998900890350342,9.999999747378752e-05,-1.387056827545166,NA,NA,NA
281,5.998859405517578,9.999999747378752e-05,-1.3870844841003418,NA,NA,NA
282,5.996332168579102,9.999999747378752e-05,-1.3888368606567383,NA,NA,NA
283,5.995023250579834,9.999999747378752e-05,-1.3897432088851929,NA,NA,NA
284,5.99569034576416,9.999999747378752e-05,-1.3892841339111328,NA,NA,NA
285,5.993659019470215,9.999999747378752e-05,-1.3906910419464111,NA,NA,NA
286,5.995372295379639,9.999999747378752e-05,-1.3895024061203003,NA,NA,NA
287,5.992314338684082,9.999999747378752e-05,-1.3916187286376953,NA,NA,NA
288,5.991711616516113,9.999999747378752e-05,-1.392035961151123,NA,NA,NA
289,5.991144180297852,9.999999747378752e-05,-1.3924305438995361,NA,NA,NA
290,5.9910807609558105,9.999999747378752e-05,-1.3924776315689087,NA,NA,NA
291,5.990212440490723,9.999999747378752e-05,-1.393076777458191,NA,NA,NA
292,5.98893404006958,9.999999747378752e-05,-1.3939627408981323,NA,NA,NA
293,5.988508701324463,9.999999747378752e-05,-1.3942581415176392,NA,NA,NA
294,5.988333225250244,9.999999747378752e-05,-1.3943818807601929,NA,NA,NA
295,5.9870781898498535,9.999999747378752e-05,-1.3952525854110718,NA,NA,NA
296,5.9853010177612305,9.999999747378752e-05,-1.3964858055114746,NA,NA,NA
297,5.985805511474609,9.999999747378752e-05,-1.3961352109909058,NA,NA,NA
298,5.98515510559082,9.999999747378752e-05,-1.3965849876403809,NA,NA,NA
299,5.983218193054199,9.999999747378752e-05,-1.3979259729385376,NA,NA,NA
300,5.984248638153076,9.999999747378752e-05,-1.3972132205963135,NA,NA,NA
301,5.982086181640625,9.999999747378752e-05,-1.3987115621566772,NA,NA,NA
302,5.982221603393555,9.999999747378752e-05,-1.3986194133758545,NA,NA,NA
303,5.980169296264648,9.999999747378752e-05,-1.4000405073165894,NA,NA,NA
304,5.979112148284912,9.999999747378752e-05,-1.4007723331451416,NA,NA,NA
305,5.979480266571045,9.999999747378752e-05,-1.400517225265503,NA,NA,NA
306,5.980273723602295,9.999999747378752e-05,-1.3999675512313843,NA,NA,NA
307,5.980671405792236,9.999999747378752e-05,-1.3996920585632324,NA,NA,NA
308,5.978128433227539,9.999999747378752e-05,-1.4014551639556885,NA,NA,NA
309,5.978346347808838,9.999999747378752e-05,-1.401303768157959,NA,NA,NA
310,5.977789878845215,9.999999747378752e-05,-1.4016891717910767,NA,NA,NA
311,5.975765228271484,9.999999747378752e-05,-1.4030908346176147,NA,NA,NA
312,5.975930690765381,9.999999747378752e-05,-1.402976155281067,NA,NA,NA
313,5.974724292755127,9.999999747378752e-05,-1.4038140773773193,NA,NA,NA
314,5.973814964294434,9.999999747378752e-05,-1.4044431447982788,NA,NA,NA
315,5.97476863861084,9.999999747378752e-05,-1.4037816524505615,NA,NA,NA
316,5.974440574645996,9.999999747378752e-05,-1.4040119647979736,NA,NA,NA
317,5.973058700561523,9.999999747378752e-05,-1.4049688577651978,NA,NA,NA
318,5.971240997314453,9.999999747378752e-05,-1.4062288999557495,NA,NA,NA
319,5.971940517425537,9.999999747378752e-05,-1.405741572380066,NA,NA,NA
320,5.969587326049805,9.999999747378752e-05,-1.407372236251831,NA,NA,NA
321,5.969285011291504,9.999999747378752e-05,-1.4075846672058105,NA,NA,NA
322,5.96908712387085,9.999999747378752e-05,-1.4077222347259521,NA,NA,NA
323,5.969015121459961,9.999999747378752e-05,-1.407772421836853,NA,NA,NA
324,5.966987609863281,9.999999747378752e-05,-1.4091757535934448,NA,NA,NA
325,5.968505859375,9.999999747378752e-05,-1.4081217050552368,NA,NA,NA
326,5.968926906585693,9.999999747378752e-05,-1.4078344106674194,NA,NA,NA
327,5.9664225578308105,9.999999747378752e-05,-1.4095672369003296,NA,NA,NA
328,5.965012073516846,9.999999747378752e-05,-1.410546898841858,NA,NA,NA
329,5.965845108032227,9.999999747378752e-05,-1.4099680185317993,NA,NA,NA
330,5.966245174407959,9.999999747378752e-05,-1.4096909761428833,NA,NA,NA
331,5.963872909545898,9.999999747378752e-05,-1.4113363027572632,NA,NA,NA
332,5.964293479919434,9.999999747378752e-05,-1.4110443592071533,NA,NA,NA
333,5.963302135467529,9.999999747378752e-05,-1.4117311239242554,NA,NA,NA
334,5.96193790435791,9.999999747378752e-05,-1.4126747846603394,NA,NA,NA
335,5.961894512176514,9.999999747378752e-05,-1.4127050638198853,NA,NA,NA
336,5.962305068969727,9.999999747378752e-05,-1.412423014640808,NA,NA,NA
337,5.960700035095215,9.999999747378752e-05,-1.4135361909866333,NA,NA,NA
338,5.960339069366455,9.999999747378752e-05,-1.4137842655181885,NA,NA,NA
339,5.958353042602539,9.999999747378752e-05,-1.415163278579712,NA,NA,NA
340,5.958210468292236,9.999999747378752e-05,-1.4152637720108032,NA,NA,NA
341,5.957472324371338,9.999999747378752e-05,-1.4157705307006836,NA,NA,NA
342,5.957557678222656,9.999999747378752e-05,-1.4157110452651978,NA,NA,NA
343,5.957833766937256,9.999999747378752e-05,-1.4155232906341553,NA,NA,NA
344,5.958075046539307,9.999999747378752e-05,-1.4153528213500977,NA,NA,NA
345,5.956490516662598,9.999999747378752e-05,-1.4164514541625977,NA,NA,NA
346,5.956028461456299,9.999999747378752e-05,-1.416772484779358,NA,NA,NA
347,5.9564056396484375,9.999999747378752e-05,-1.4165104627609253,NA,NA,NA
348,5.955752372741699,9.999999747378752e-05,-1.4169642925262451,NA,NA,NA
349,5.955172538757324,9.999999747378752e-05,-1.4173673391342163,NA,NA,NA
350,5.955017566680908,9.999999747378752e-05,-1.4174740314483643,NA,NA,NA
351,5.9555816650390625,9.999999747378752e-05,-1.417080283164978,NA,NA,NA
352,5.953893661499023,9.999999747378752e-05,-1.418253779411316,NA,NA,NA
353,5.951604843139648,9.999999747378752e-05,-1.4198373556137085,NA,NA,NA
354,5.952033042907715,9.999999747378752e-05,-1.4195419549942017,NA,NA,NA
355,5.951904296875,9.999999747378752e-05,-1.4196288585662842,NA,NA,NA
356,5.950031280517578,9.999999747378752e-05,-1.4209319353103638,NA,NA,NA
357,5.950927257537842,9.999999747378752e-05,-1.420310616493225,NA,NA,NA
358,5.951488494873047,9.999999747378752e-05,-1.419920563697815,NA,NA,NA
359,5.948551654815674,9.999999747378752e-05,-1.421958088874817,NA,NA,NA
360,5.948683738708496,9.999999747378752e-05,-1.421865463256836,NA,NA,NA
361,5.948427677154541,9.999999747378752e-05,-1.422041893005371,NA,NA,NA
362,5.948072910308838,9.999999747378752e-05,-1.4222859144210815,NA,NA,NA
363,5.947587490081787,9.999999747378752e-05,-1.4226226806640625,NA,NA,NA
364,5.946498870849609,9.999999747378752e-05,-1.4233776330947876,NA,NA,NA
365,5.946268081665039,9.999999747378752e-05,-1.4235368967056274,NA,NA,NA
366,5.946347236633301,9.999999747378752e-05,-1.4234825372695923,NA,NA,NA
367,5.944465160369873,9.999999747378752e-05,-1.424791932106018,NA,NA,NA
368,5.945174694061279,9.999999747378752e-05,-1.42429518699646,NA,NA,NA
369,5.945390701293945,9.999999747378752e-05,-1.4241479635238647,NA,NA,NA
370,5.9441022872924805,9.999999747378752e-05,-1.4250385761260986,NA,NA,NA
371,5.942340850830078,9.999999747378752e-05,-1.426260232925415,NA,NA,NA
372,5.942633152008057,9.999999747378752e-05,-1.4260567426681519,NA,NA,NA
373,5.941577911376953,9.999999747378752e-05,-1.426792860031128,NA,NA,NA
374,5.941687107086182,9.999999747378752e-05,-1.426716685295105,NA,NA,NA
375,5.940981388092041,9.999999747378752e-05,-1.4272007942199707,NA,NA,NA
376,5.941898822784424,9.999999747378752e-05,-1.4265691041946411,NA,NA,NA
377,5.942111968994141,9.999999747378752e-05,-1.4264196157455444,NA,NA,NA
378,5.941069602966309,9.999999747378752e-05,-1.427141785621643,NA,NA,NA
379,5.940948486328125,9.999999747378752e-05,-1.4272255897521973,NA,NA,NA
380,5.9385576248168945,9.999999747378752e-05,-1.4288837909698486,NA,NA,NA
381,5.938596248626709,9.999999747378752e-05,-1.4288547039031982,NA,NA,NA
382,5.936848163604736,9.999999747378752e-05,-1.430068016052246,NA,NA,NA
383,5.936859130859375,9.999999747378752e-05,-1.4300599098205566,NA,NA,NA
384,5.938021183013916,9.999999747378752e-05,-1.4292556047439575,NA,NA,NA
385,5.9364333152771,9.999999747378752e-05,-1.4303556680679321,NA,NA,NA
386,5.935938835144043,9.999999747378752e-05,-1.430698275566101,NA,NA,NA
387,5.93692684173584,9.999999747378752e-05,-1.4300099611282349,NA,NA,NA
388,5.935819625854492,9.999999747378752e-05,-1.4307808876037598,NA,NA,NA
389,5.934370994567871,9.999999747378752e-05,-1.4317845106124878,NA,NA,NA
390,5.934716701507568,9.999999747378752e-05,-1.431546926498413,NA,NA,NA
391,5.936126708984375,9.999999747378752e-05,-1.430566430091858,NA,NA,NA
392,5.933692455291748,9.999999747378752e-05,-1.432254433631897,NA,NA,NA
393,5.933091640472412,9.999999747378752e-05,-1.4326722621917725,NA,NA,NA
394,5.9314656257629395,9.999999747378752e-05,-1.4337966442108154,NA,NA,NA
395,5.933326244354248,9.999999747378752e-05,-1.4325059652328491,NA,NA,NA
396,5.931539058685303,9.999999747378752e-05,-1.433746099472046,NA,NA,NA
397,5.931331157684326,9.999999747378752e-05,-1.4338912963867188,NA,NA,NA
398,5.932108402252197,9.999999747378752e-05,-1.4333536624908447,NA,NA,NA
399,5.932660102844238,9.999999747378752e-05,-1.4329723119735718,NA,NA,NA
400,5.930333137512207,9.999999747378752e-05,-1.4345825910568237,NA,NA,NA
401,5.93081521987915,9.999999747378752e-05,-1.4342504739761353,NA,NA,NA
402,5.929012298583984,9.999999747378752e-05,-1.4355002641677856,NA,NA,NA
403,5.929818153381348,9.999999747378752e-05,-1.4349408149719238,NA,NA,NA
404,5.928623676300049,9.999999747378752e-05,-1.4357670545578003,NA,NA,NA
405,5.930120944976807,9.999999747378752e-05,-1.4347318410873413,NA,NA,NA
406,5.927602767944336,9.999999747378752e-05,-1.436476707458496,NA,NA,NA
407,5.926564693450928,9.999999747378752e-05,-1.4371947050094604,NA,NA,NA
408,5.9283671379089355,9.999999747378752e-05,-1.4359447956085205,NA,NA,NA
409,5.92673921585083,9.999999747378752e-05,-1.4370758533477783,NA,NA,NA
410,5.925752639770508,9.999999747378752e-05,-1.4377615451812744,NA,NA,NA
411,5.926116943359375,9.999999747378752e-05,-1.4375039339065552,NA,NA,NA
412,5.926891803741455,9.999999747378752e-05,-1.4369678497314453,NA,NA,NA
413,5.925853729248047,9.999999747378752e-05,-1.4376895427703857,NA,NA,NA
414,5.926150798797607,9.999999747378752e-05,-1.4374804496765137,NA,NA,NA
415,5.9251627922058105,9.999999747378752e-05,-1.4381678104400635,NA,NA,NA
416,5.924684047698975,9.999999747378752e-05,-1.4384979009628296,NA,NA,NA
417,5.925229549407959,9.999999747378752e-05,-1.4381208419799805,NA,NA,NA
418,5.923613548278809,9.999999747378752e-05,-1.4392404556274414,NA,NA,NA
419,5.924195289611816,9.999999747378752e-05,-1.4388364553451538,NA,NA,NA
420,5.9232916831970215,9.999999747378752e-05,-1.4394654035568237,NA,NA,NA
421,5.922080039978027,9.999999747378752e-05,-1.4403033256530762,NA,NA,NA
422,5.922269821166992,9.999999747378752e-05,-1.4401696920394897,NA,NA,NA
423,5.921718597412109,9.999999747378752e-05,-1.4405560493469238,NA,NA,NA
424,5.921406269073486,9.999999747378752e-05,-1.4407705068588257,NA,NA,NA
425,5.9220805168151855,9.999999747378752e-05,-1.440305471420288,NA,NA,NA
426,5.92110013961792,9.999999747378752e-05,-1.4409860372543335,NA,NA,NA
427,5.920676231384277,9.999999747378752e-05,-1.4412775039672852,NA,NA,NA
428,5.920526027679443,9.999999747378752e-05,-1.4413806200027466,NA,NA,NA
429,5.919250011444092,9.999999747378752e-05,-1.442265272140503,NA,NA,NA
430,5.919349193572998,9.999999747378752e-05,-1.4421958923339844,NA,NA,NA
431,5.919185638427734,9.999999747378752e-05,-1.4423104524612427,NA,NA,NA
432,5.918018341064453,9.999999747378752e-05,-1.4431214332580566,NA,NA,NA
433,5.919120788574219,9.999999747378752e-05,-1.4423565864562988,NA,NA,NA
434,5.918219089508057,9.999999747378752e-05,-1.4429820775985718,NA,NA,NA
435,5.917257308959961,9.999999747378752e-05,-1.4436463117599487,NA,NA,NA
436,5.91824197769165,9.999999747378752e-05,-1.4429658651351929,NA,NA,NA
437,5.918181419372559,9.999999747378752e-05,-1.4430031776428223,NA,NA,NA
438,5.917877197265625,9.999999747378752e-05,-1.4432169198989868,NA,NA,NA
439,5.918247699737549,9.999999747378752e-05,-1.4429607391357422,NA,NA,NA
440,5.9172892570495605,9.999999747378752e-05,-1.4436241388320923,NA,NA,NA
441,5.9157609939575195,9.999999747378752e-05,-1.444684386253357,NA,NA,NA
442,5.915277004241943,9.999999747378752e-05,-1.4450197219848633,NA,NA,NA
443,5.914458751678467,9.999999747378752e-05,-1.445587396621704,NA,NA,NA
444,5.914639472961426,9.999999747378752e-05,-1.445461630821228,NA,NA,NA
445,5.913601398468018,9.999999747378752e-05,-1.4461818933486938,NA,NA,NA
446,5.914734840393066,9.999999747378752e-05,-1.4453943967819214,NA,NA,NA
447,5.913410186767578,9.999999747378752e-05,-1.4463143348693848,NA,NA,NA
448,5.914834976196289,9.999999747378752e-05,-1.4453258514404297,NA,NA,NA
449,5.912516117095947,9.999999747378752e-05,-1.446932077407837,NA,NA,NA
450,5.913550853729248,9.999999747378752e-05,-1.4462167024612427,NA,NA,NA
451,5.912245750427246,9.999999747378752e-05,-1.4471230506896973,NA,NA,NA
452,5.910542964935303,9.999999747378752e-05,-1.4483028650283813,NA,NA,NA
453,5.910898685455322,9.999999747378752e-05,-1.448056697845459,NA,NA,NA
454,5.912275314331055,9.999999747378752e-05,-1.4470984935760498,NA,NA,NA
455,5.91234827041626,9.999999747378752e-05,-1.4470505714416504,NA,NA,NA
456,5.910425186157227,9.999999747378752e-05,-1.4483833312988281,NA,NA,NA
457,5.909363746643066,9.999999747378752e-05,-1.449118733406067,NA,NA,NA
458,5.910018444061279,9.999999747378752e-05,-1.4486643075942993,NA,NA,NA
459,5.912374019622803,9.999999747378752e-05,-1.4470325708389282,NA,NA,NA
460,5.909301280975342,9.999999747378752e-05,-1.4491634368896484,NA,NA,NA
461,5.9087114334106445,9.999999747378752e-05,-1.449573278427124,NA,NA,NA
462,5.908448696136475,9.999999747378752e-05,-1.4497536420822144,NA,NA,NA
463,5.908393859863281,9.999999747378752e-05,-1.4497941732406616,NA,NA,NA
464,5.90809965133667,9.999999747378752e-05,-1.4499940872192383,NA,NA,NA
465,5.9080681800842285,9.999999747378752e-05,-1.4500163793563843,NA,NA,NA
466,5.909325122833252,9.999999747378752e-05,-1.4491463899612427,NA,NA,NA
467,5.908859729766846,9.999999747378752e-05,-1.4494681358337402,NA,NA,NA
468,5.90791654586792,9.999999747378752e-05,-1.4501234292984009,NA,NA,NA
469,5.9062323570251465,9.999999747378752e-05,-1.4512877464294434,NA,NA,NA
470,5.907469749450684,9.999999747378752e-05,-1.4504314661026,NA,NA,NA
471,5.907482624053955,9.999999747378752e-05,-1.4504199028015137,NA,NA,NA
472,5.906728744506836,9.999999747378752e-05,-1.4509445428848267,NA,NA,NA
473,5.905908107757568,9.999999747378752e-05,-1.4515146017074585,NA,NA,NA
474,5.906253337860107,9.999999747378752e-05,-1.4512760639190674,NA,NA,NA
475,5.904911041259766,9.999999747378752e-05,-1.4522020816802979,NA,NA,NA
476,5.905107498168945,9.999999747378752e-05,-1.452068567276001,NA,NA,NA
477,5.904266357421875,9.999999747378752e-05,-1.452652096748352,NA,NA,NA
478,5.9067182540893555,9.999999747378752e-05,-1.4509518146514893,NA,NA,NA
479,5.904788970947266,9.999999747378752e-05,-1.45229172706604,NA,NA,NA
480,5.904519081115723,9.999999747378752e-05,-1.4524770975112915,NA,NA,NA
481,5.903036117553711,9.999999747378752e-05,-1.453506588935852,NA,NA,NA
482,5.903782844543457,9.999999747378752e-05,-1.4529850482940674,NA,NA,NA
483,5.903326034545898,9.999999747378752e-05,-1.4533072710037231,NA,NA,NA
484,5.902772903442383,9.999999747378752e-05,-1.453685998916626,NA,NA,NA
485,5.904165267944336,9.999999747378752e-05,-1.452720046043396,NA,NA,NA
486,5.90300989151001,9.999999747378752e-05,-1.4535243511199951,NA,NA,NA
487,5.902555465698242,9.999999747378752e-05,-1.4538382291793823,NA,NA,NA
488,5.901767730712891,9.999999747378752e-05,-1.4543852806091309,NA,NA,NA
489,5.901979923248291,9.999999747378752e-05,-1.4542354345321655,NA,NA,NA
490,5.9017415046691895,9.999999747378752e-05,-1.4544004201889038,NA,NA,NA
491,5.900225639343262,9.999999747378752e-05,-1.455454707145691,NA,NA,NA
492,5.899974346160889,9.999999747378752e-05,-1.4556288719177246,NA,NA,NA
493,5.899018287658691,9.999999747378752e-05,-1.4562896490097046,NA,NA,NA
494,5.899328708648682,9.999999747378752e-05,-1.4560719728469849,NA,NA,NA
495,5.899752140045166,9.999999747378752e-05,-1.4557783603668213,NA,NA,NA
496,5.899910926818848,9.999999747378752e-05,-1.4556694030761719,NA,NA,NA
497,5.899778842926025,9.999999747378752e-05,-1.4557619094848633,NA,NA,NA
498,5.898100852966309,9.999999747378752e-05,-1.4569239616394043,NA,NA,NA
499,5.898463249206543,9.999999747378752e-05,-1.4566731452941895,NA,NA,NA
500,5.8988261222839355,9.999999747378752e-05,-1.4564228057861328,NA,NA,NA
501,5.898693561553955,9.999999747378752e-05,-1.4565144777297974,NA,NA,NA
502,5.897329330444336,9.999999747378752e-05,-1.4574602842330933,NA,NA,NA
503,5.896276950836182,9.999999747378752e-05,-1.4581900835037231,NA,NA,NA
504,5.897770881652832,9.999999747378752e-05,-1.4571537971496582,NA,NA,NA
505,5.896109580993652,9.999999747378752e-05,-1.45830500125885,NA,NA,NA
506,5.896512031555176,9.999999747378752e-05,-1.4580248594284058,NA,NA,NA
507,5.8971757888793945,9.999999747378752e-05,-1.457565426826477,NA,NA,NA
508,5.895572185516357,9.999999747378752e-05,-1.4586793184280396,NA,NA,NA
509,5.8970208168029785,9.999999747378752e-05,-1.4576735496520996,NA,NA,NA
510,5.895638465881348,9.999999747378752e-05,-1.4586321115493774,NA,NA,NA
511,5.895226001739502,9.999999747378752e-05,-1.4589166641235352,NA,NA,NA
512,5.894990921020508,9.999999747378752e-05,-1.4590811729431152,NA,NA,NA
513,5.895028591156006,9.999999747378752e-05,-1.4590574502944946,NA,NA,NA
514,5.8940606117248535,9.999999747378752e-05,-1.4597222805023193,NA,NA,NA
515,5.893824577331543,9.999999747378752e-05,-1.459889531135559,NA,NA,NA
516,5.89359712600708,9.999999747378752e-05,-1.4600461721420288,NA,NA,NA
517,5.894131183624268,9.999999747378752e-05,-1.4596768617630005,NA,NA,NA
518,5.893754005432129,9.999999747378752e-05,-1.4599387645721436,NA,NA,NA
519,5.893348693847656,9.999999747378752e-05,-1.460219144821167,NA,NA,NA
520,5.893874645233154,9.999999747378752e-05,-1.4598547220230103,NA,NA,NA
521,5.893186569213867,9.999999747378752e-05,-1.460334300994873,NA,NA,NA
522,5.8939008712768555,9.999999747378752e-05,-1.4598383903503418,NA,NA,NA
523,5.892909049987793,9.999999747378752e-05,-1.4605234861373901,NA,NA,NA
524,5.8914899826049805,9.999999747378752e-05,-1.4615072011947632,NA,NA,NA
525,5.892994403839111,9.999999747378752e-05,-1.460464596748352,NA,NA,NA
526,5.891444683074951,9.999999747378752e-05,-1.4615387916564941,NA,NA,NA
527,5.890566349029541,9.999999747378752e-05,-1.4621471166610718,NA,NA,NA
528,5.89143705368042,9.999999747378752e-05,-1.4615446329116821,NA,NA,NA
529,5.89071798324585,9.999999747378752e-05,-1.4620444774627686,NA,NA,NA
530,5.890655994415283,9.999999747378752e-05,-1.4620864391326904,NA,NA,NA
531,5.890290260314941,9.999999747378752e-05,-1.4623407125473022,NA,NA,NA
532,5.890715599060059,9.999999747378752e-05,-1.462044358253479,NA,NA,NA
533,5.88987398147583,9.999999747378752e-05,-1.4626293182373047,NA,NA,NA
534,5.889532566070557,9.999999747378752e-05,-1.4628665447235107,NA,NA,NA
535,5.889649391174316,9.999999747378752e-05,-1.4627838134765625,NA,NA,NA
536,5.8891425132751465,9.999999747378752e-05,-1.463133692741394,NA,NA,NA
537,5.88871431350708,9.999999747378752e-05,-1.463433027267456,NA,NA,NA
538,5.88706636428833,9.999999747378752e-05,-1.4645761251449585,NA,NA,NA
539,5.8880462646484375,9.999999747378752e-05,-1.4638946056365967,NA,NA,NA
540,5.8887481689453125,9.999999747378752e-05,-1.4634076356887817,NA,NA,NA
541,5.888341903686523,9.999999747378752e-05,-1.463688611984253,NA,NA,NA
542,5.889728546142578,9.999999747378752e-05,-1.4627302885055542,NA,NA,NA
543,5.889536380767822,9.999999747378752e-05,-1.462860345840454,NA,NA,NA
544,5.887564182281494,9.999999747378752e-05,-1.4642267227172852,NA,NA,NA
545,5.887221813201904,9.999999747378752e-05,-1.4644650220870972,NA,NA,NA
546,5.887332439422607,9.999999747378752e-05,-1.4643915891647339,NA,NA,NA
547,5.886409759521484,9.999999747378752e-05,-1.4650272130966187,NA,NA,NA
548,5.886751651763916,9.999999747378752e-05,-1.4647932052612305,NA,NA,NA
549,5.885626316070557,9.999999747378752e-05,-1.4655717611312866,NA,NA,NA
550,5.8854546546936035,9.999999747378752e-05,-1.465692400932312,NA,NA,NA
551,5.885343074798584,9.999999747378752e-05,-1.465768575668335,NA,NA,NA
552,5.88637113571167,9.999999747378752e-05,-1.4650554656982422,NA,NA,NA
553,5.886000156402588,9.999999747378752e-05,-1.4653137922286987,NA,NA,NA
554,5.884139537811279,9.999999747378752e-05,-1.4666037559509277,NA,NA,NA
555,5.886001110076904,9.999999747378752e-05,-1.4653160572052002,NA,NA,NA
556,5.884734153747559,9.999999747378752e-05,-1.4661924839019775,NA,NA,NA
557,5.88531494140625,9.999999747378752e-05,-1.4657872915267944,NA,NA,NA
558,5.883289337158203,9.999999747378752e-05,-1.4671932458877563,NA,NA,NA
559,5.884829521179199,9.999999747378752e-05,-1.4661266803741455,NA,NA,NA
560,5.8855133056640625,9.999999747378752e-05,-1.4656497240066528,NA,NA,NA
561,5.884648323059082,9.999999747378752e-05,-1.4662491083145142,NA,NA,NA
562,5.883796691894531,9.999999747378752e-05,-1.4668407440185547,NA,NA,NA
563,5.88444185256958,9.999999747378752e-05,-1.4663934707641602,NA,NA,NA
564,5.883989334106445,9.999999747378752e-05,-1.4667068719863892,NA,NA,NA
565,5.882845401763916,9.999999747378752e-05,-1.467501163482666,NA,NA,NA
566,5.882225036621094,9.999999747378752e-05,-1.4679299592971802,NA,NA,NA
567,5.883248329162598,9.999999747378752e-05,-1.4672200679779053,NA,NA,NA
568,5.883668422698975,9.999999747378752e-05,-1.4669309854507446,NA,NA,NA
569,5.8814873695373535,9.999999747378752e-05,-1.4684380292892456,NA,NA,NA
570,5.880989074707031,9.999999747378752e-05,-1.4687869548797607,NA,NA,NA
571,5.882256984710693,9.999999747378752e-05,-1.4679036140441895,NA,NA,NA
572,5.881591796875,9.999999747378752e-05,-1.4683693647384644,NA,NA,NA
573,5.8809638023376465,9.999999747378752e-05,-1.4688048362731934,NA,NA,NA
574,5.881976127624512,9.999999747378752e-05,-1.4681007862091064,NA,NA,NA
575,5.8818678855896,9.999999747378752e-05,-1.4681779146194458,NA,NA,NA
576,5.880549430847168,9.999999747378752e-05,-1.4690920114517212,NA,NA,NA
577,5.880955219268799,9.999999747378752e-05,-1.468808650970459,NA,NA,NA
578,5.879773139953613,9.999999747378752e-05,-1.4696288108825684,NA,NA,NA
579,5.880448818206787,9.999999747378752e-05,-1.469162940979004,NA,NA,NA
580,5.880462646484375,9.999999747378752e-05,-1.4691481590270996,NA,NA,NA
581,5.880506992340088,9.999999747378752e-05,-1.4691208600997925,NA,NA,NA
582,5.881319046020508,9.999999747378752e-05,-1.4685566425323486,NA,NA,NA
583,5.880526065826416,9.999999747378752e-05,-1.469107985496521,NA,NA,NA
584,5.877721786499023,9.999999747378752e-05,-1.4710502624511719,NA,NA,NA
585,5.8799004554748535,9.999999747378752e-05,-1.4695404767990112,NA,NA,NA
586,5.877396583557129,9.999999747378752e-05,-1.4712767601013184,NA,NA,NA
587,5.877889633178711,9.999999747378752e-05,-1.4709354639053345,NA,NA,NA
588,5.879438877105713,9.999999747378752e-05,-1.4698584079742432,NA,NA,NA
589,5.87850284576416,9.999999747378752e-05,-1.4705103635787964,NA,NA,NA
590,5.877895355224609,9.999999747378752e-05,-1.4709304571151733,NA,NA,NA
591,5.87677526473999,9.999999747378752e-05,-1.4717085361480713,NA,NA,NA
592,5.8766937255859375,9.999999747378752e-05,-1.4717626571655273,NA,NA,NA
593,5.877058506011963,9.999999747378752e-05,-1.4715089797973633,NA,NA,NA
594,5.876763343811035,9.999999747378752e-05,-1.4717150926589966,NA,NA,NA
595,5.8761396408081055,9.999999747378752e-05,-1.4721497297286987,NA,NA,NA
596,5.8779401779174805,9.999999747378752e-05,-1.4708999395370483,NA,NA,NA
597,5.877512454986572,9.999999747378752e-05,-1.4711968898773193,NA,NA,NA
598,5.877233982086182,9.999999747378752e-05,-1.4713910818099976,NA,NA,NA
599,5.875646114349365,9.999999747378752e-05,-1.4724913835525513,NA,NA,NA
600,5.875882625579834,9.999999747378752e-05,-1.4723272323608398,NA,NA,NA
601,5.87576150894165,9.999999747378752e-05,-1.4724088907241821,NA,NA,NA
602,5.874732971191406,9.999999747378752e-05,-1.4731205701828003,NA,NA,NA
603,5.875270366668701,9.999999747378752e-05,-1.472750186920166,NA,NA,NA
604,5.876101970672607,9.999999747378752e-05,-1.4721769094467163,NA,NA,NA
605,5.876450538635254,9.999999747378752e-05,-1.4719325304031372,NA,NA,NA
606,5.876563549041748,9.999999747378752e-05,-1.4718527793884277,NA,NA,NA
607,5.875819206237793,9.999999747378752e-05,-1.4723690748214722,NA,NA,NA
608,5.874954700469971,9.999999747378752e-05,-1.4729703664779663,NA,NA,NA
609,5.874700546264648,9.999999747378752e-05,-1.4731440544128418,NA,NA,NA
610,5.873755931854248,9.999999747378752e-05,-1.4738012552261353,NA,NA,NA
611,5.8730669021606445,9.999999747378752e-05,-1.4742763042449951,NA,NA,NA
612,5.872085094451904,9.999999747378752e-05,-1.4749590158462524,NA,NA,NA
613,5.873675346374512,9.999999747378752e-05,-1.4738550186157227,NA,NA,NA
614,5.872934818267822,9.999999747378752e-05,-1.4743678569793701,NA,NA,NA
615,5.87266206741333,9.999999747378752e-05,-1.4745582342147827,NA,NA,NA
616,5.872844696044922,9.999999747378752e-05,-1.4744322299957275,NA,NA,NA
617,5.8735175132751465,9.999999747378752e-05,-1.4739620685577393,NA,NA,NA
618,5.87183141708374,9.999999747378752e-05,-1.4751341342926025,NA,NA,NA
619,5.873743534088135,9.999999747378752e-05,-1.4738085269927979,NA,NA,NA
620,5.872027397155762,9.999999747378752e-05,-1.474997878074646,NA,NA,NA
621,5.871589660644531,9.999999747378752e-05,-1.4752999544143677,NA,NA,NA
622,5.871452808380127,9.999999747378752e-05,-1.4753954410552979,NA,NA,NA
623,5.871856689453125,9.999999747378752e-05,-1.4751172065734863,NA,NA,NA
624,5.872853755950928,9.999999747378752e-05,-1.4744254350662231,NA,NA,NA
625,5.872612476348877,9.999999747378752e-05,-1.4745901823043823,NA,NA,NA
626,5.872287750244141,9.999999747378752e-05,-1.474817156791687,NA,NA,NA
627,5.87354040145874,9.999999747378752e-05,-1.4739503860473633,NA,NA,NA
628,5.871698379516602,9.999999747378752e-05,-1.4752273559570312,NA,NA,NA
629,5.873247146606445,9.999999747378752e-05,-1.4741528034210205,NA,NA,NA
630,5.872386932373047,9.999999747378752e-05,-1.4747473001480103,NA,NA,NA
631,5.8706793785095215,9.999999747378752e-05,-1.4759318828582764,NA,NA,NA
632,5.871260166168213,9.999999747378752e-05,-1.4755311012268066,NA,NA,NA
633,5.87014627456665,9.999999747378752e-05,-1.4763026237487793,NA,NA,NA
634,5.869460582733154,9.999999747378752e-05,-1.4767781496047974,NA,NA,NA
635,5.870296955108643,9.999999747378752e-05,-1.4761998653411865,NA,NA,NA
636,5.870687484741211,9.999999747378752e-05,-1.4759291410446167,NA,NA,NA
637,5.8697662353515625,9.999999747378752e-05,-1.4765682220458984,NA,NA,NA
638,5.870595932006836,9.999999747378752e-05,-1.4759927988052368,NA,NA,NA
639,5.86911678314209,9.999999747378752e-05,-1.4770163297653198,NA,NA,NA
640,5.869073390960693,9.999999747378752e-05,-1.4770443439483643,NA,NA,NA
641,5.868746757507324,9.999999747378752e-05,-1.477271556854248,NA,NA,NA
642,5.867269992828369,9.999999747378752e-05,-1.4782958030700684,NA,NA,NA
643,5.8671135902404785,9.999999747378752e-05,-1.4784032106399536,NA,NA,NA
644,5.867600440979004,9.999999747378752e-05,-1.4780656099319458,NA,NA,NA
645,5.866550922393799,9.999999747378752e-05,-1.4787940979003906,NA,NA,NA
646,5.866684436798096,9.999999747378752e-05,-1.4787026643753052,NA,NA,NA
647,5.8674163818359375,9.999999747378752e-05,-1.4781919717788696,NA,NA,NA
648,5.867118835449219,9.999999747378752e-05,-1.4784018993377686,NA,NA,NA
649,5.86757230758667,9.999999747378752e-05,-1.4780861139297485,NA,NA,NA
650,5.8675312995910645,9.999999747378752e-05,-1.478115200996399,NA,NA,NA
651,5.867265701293945,9.999999747378752e-05,-1.4782984256744385,NA,NA,NA
652,5.867402076721191,9.999999747378752e-05,-1.4782036542892456,NA,NA,NA
653,5.8657708168029785,9.999999747378752e-05,-1.4793360233306885,NA,NA,NA
654,5.866370677947998,9.999999747378752e-05,-1.478916883468628,NA,NA,NA
